"Local Code","Age Group","Population","# of population with at least 1 dose","Percent of population who received at least one dose","# of population fully immunized","Percent of population fully immunized","Local Name","Zone Name"
"Z1.1.A.01","12-19 years",305,113,37.1,0,0,"CROWSNEST PASS","SOUTH"
"Z1.1.A.01","20-39 years",1322,458,34.6,58,4.4,"CROWSNEST PASS","SOUTH"
"Z1.1.A.01","40-59 years",1617,899,55.6,81,5,"CROWSNEST PASS","SOUTH"
"Z1.1.A.01","60-74 years",1633,1243,76.1,107,6.6,"CROWSNEST PASS","SOUTH"
"Z1.1.A.01","75+ years",618,504,81.6,426,69,"CROWSNEST PASS","SOUTH"
"Z1.1.A.01","All age years",6358,3224,50.7,672,10.6,"CROWSNEST PASS","SOUTH"
"Z1.1.A.02","12-19 years",489,228,46.7,7,1.4,"PINCHER CREEK","SOUTH"
"Z1.1.A.02","20-39 years",1971,794,40.3,115,5.8,"PINCHER CREEK","SOUTH"
"Z1.1.A.02","40-59 years",1929,1096,56.8,219,11.4,"PINCHER CREEK","SOUTH"
"Z1.1.A.02","60-74 years",1749,1337,76.4,236,13.5,"PINCHER CREEK","SOUTH"
"Z1.1.A.02","75+ years",807,710,88,620,76.8,"PINCHER CREEK","SOUTH"
"Z1.1.A.02","All age years",8407,4175,49.7,1197,14.2,"PINCHER CREEK","SOUTH"
"Z1.1.A.03","12-19 years",402,132,32.8,6,1.5,"FORT MACLEOD","SOUTH"
"Z1.1.A.03","20-39 years",1717,435,25.3,48,2.8,"FORT MACLEOD","SOUTH"
"Z1.1.A.03","40-59 years",1458,670,45.9,89,6.1,"FORT MACLEOD","SOUTH"
"Z1.1.A.03","60-74 years",1219,831,68.2,100,8.2,"FORT MACLEOD","SOUTH"
"Z1.1.A.03","75+ years",535,402,75.1,349,65.2,"FORT MACLEOD","SOUTH"
"Z1.1.A.03","All age years",6840,2473,36.2,592,8.7,"FORT MACLEOD","SOUTH"
"Z1.1.B.04","12-19 years",1326,478,36,14,1.1,"CARDSTON-KAINAI","SOUTH"
"Z1.1.B.04","20-39 years",4122,941,22.8,149,3.6,"CARDSTON-KAINAI","SOUTH"
"Z1.1.B.04","40-59 years",3357,1343,40,222,6.6,"CARDSTON-KAINAI","SOUTH"
"Z1.1.B.04","60-74 years",2558,1395,54.5,296,11.6,"CARDSTON-KAINAI","SOUTH"
"Z1.1.B.04","75+ years",1277,884,69.2,706,55.3,"CARDSTON-KAINAI","SOUTH"
"Z1.1.B.04","All age years",16639,5050,30.4,1387,8.3,"CARDSTON-KAINAI","SOUTH"
"Z1.2.A.01","12-19 years",1924,851,44.2,7,0.4,"COUNTY OF LETHBRIDGE","SOUTH"
"Z1.2.A.01","20-39 years",7077,2330,32.9,220,3.1,"COUNTY OF LETHBRIDGE","SOUTH"
"Z1.2.A.01","40-59 years",5594,3014,53.9,204,3.6,"COUNTY OF LETHBRIDGE","SOUTH"
"Z1.2.A.01","60-74 years",3696,2764,74.8,315,8.5,"COUNTY OF LETHBRIDGE","SOUTH"
"Z1.2.A.01","75+ years",1356,1104,81.4,948,69.9,"COUNTY OF LETHBRIDGE","SOUTH"
"Z1.2.A.01","All age years",26202,10101,38.5,1694,6.5,"COUNTY OF LETHBRIDGE","SOUTH"
"Z1.2.B.02","12-19 years",1615,350,21.7,3,0.2,"TABER MD","SOUTH"
"Z1.2.B.02","20-39 years",5153,1020,19.8,61,1.2,"TABER MD","SOUTH"
"Z1.2.B.02","40-59 years",4152,1799,43.3,120,2.9,"TABER MD","SOUTH"
"Z1.2.B.02","60-74 years",2357,1631,69.2,187,7.9,"TABER MD","SOUTH"
"Z1.2.B.02","75+ years",989,816,82.5,666,67.3,"TABER MD","SOUTH"
"Z1.2.B.02","All age years",19203,5626,29.3,1037,5.4,"TABER MD","SOUTH"
"Z1.2.C.03","12-19 years",927,334,36,4,0.4,"COUNTY OF WARNER","SOUTH"
"Z1.2.C.03","20-39 years",2698,788,29.2,90,3.3,"COUNTY OF WARNER","SOUTH"
"Z1.2.C.03","40-59 years",2278,1143,50.2,123,5.4,"COUNTY OF WARNER","SOUTH"
"Z1.2.C.03","60-74 years",1858,1303,70.1,219,11.8,"COUNTY OF WARNER","SOUTH"
"Z1.2.C.03","75+ years",815,619,76,518,63.6,"COUNTY OF WARNER","SOUTH"
"Z1.2.C.03","All age years",11216,4209,37.5,954,8.5,"COUNTY OF WARNER","SOUTH"
"Z1.2.C.04","12-19 years",540,71,13.1,0,0,"COUNTY OF FORTY MILE","SOUTH"
"Z1.2.C.04","20-39 years",1699,258,15.2,19,1.1,"COUNTY OF FORTY MILE","SOUTH"
"Z1.2.C.04","40-59 years",1214,454,37.4,41,3.4,"COUNTY OF FORTY MILE","SOUTH"
"Z1.2.C.04","60-74 years",859,523,60.9,82,9.5,"COUNTY OF FORTY MILE","SOUTH"
"Z1.2.C.04","75+ years",341,261,76.6,225,66,"COUNTY OF FORTY MILE","SOUTH"
"Z1.2.C.04","All age years",6477,1569,24.2,367,5.7,"COUNTY OF FORTY MILE","SOUTH"
"Z1.3.A.01","12-19 years",1983,749,37.8,17,0.9,"NEWELL","SOUTH"
"Z1.3.A.01","20-39 years",7780,2677,34.4,125,1.6,"NEWELL","SOUTH"
"Z1.3.A.01","40-59 years",7416,3808,51.3,233,3.1,"NEWELL","SOUTH"
"Z1.3.A.01","60-74 years",3496,2494,71.3,238,6.8,"NEWELL","SOUTH"
"Z1.3.A.01","75+ years",1279,1019,79.7,862,67.4,"NEWELL","SOUTH"
"Z1.3.A.01","All age years",27920,10773,38.6,1475,5.3,"NEWELL","SOUTH"
"Z1.3.B.02","12-19 years",204,48,23.5,2,1,"OYEN","SOUTH"
"Z1.3.B.02","20-39 years",781,195,25,28,3.6,"OYEN","SOUTH"
"Z1.3.B.02","40-59 years",833,339,40.7,61,7.3,"OYEN","SOUTH"
"Z1.3.B.02","60-74 years",745,491,65.9,184,24.7,"OYEN","SOUTH"
"Z1.3.B.02","75+ years",313,250,79.8,209,66.7,"OYEN","SOUTH"
"Z1.3.B.02","All age years",3525,1325,37.6,484,13.7,"OYEN","SOUTH"
"Z1.3.B.03","12-19 years",792,398,50.2,7,0.9,"CYPRESS COUNTY","SOUTH"
"Z1.3.B.03","20-39 years",2798,929,33.2,58,2.1,"CYPRESS COUNTY","SOUTH"
"Z1.3.B.03","40-59 years",3168,1737,54.8,95,3,"CYPRESS COUNTY","SOUTH"
"Z1.3.B.03","60-74 years",1963,1357,69.1,98,5,"CYPRESS COUNTY","SOUTH"
"Z1.3.B.03","75+ years",507,370,73,280,55.3,"CYPRESS COUNTY","SOUTH"
"Z1.3.B.03","All age years",11405,4807,42.1,538,4.7,"CYPRESS COUNTY","SOUTH"
"Z1.4.A.01","12-19 years",3885,2423,62.4,23,0.6,"MEDICINE HAT","SOUTH"
"Z1.4.A.01","20-39 years",17653,7471,42.3,642,3.6,"MEDICINE HAT","SOUTH"
"Z1.4.A.01","40-59 years",17060,10373,60.8,826,4.8,"MEDICINE HAT","SOUTH"
"Z1.4.A.01","60-74 years",12574,9804,78,1011,8,"MEDICINE HAT","SOUTH"
"Z1.4.A.01","75+ years",5866,5058,86.2,4382,74.7,"MEDICINE HAT","SOUTH"
"Z1.4.A.01","All age years",68404,35242,51.5,6884,10.1,"MEDICINE HAT","SOUTH"
"Z1.5.A.01","12-19 years",2558,2283,89.3,15,0.6,"LETHBRIDGE - WEST","SOUTH"
"Z1.5.A.01","20-39 years",13658,8211,60.1,618,4.5,"LETHBRIDGE - WEST","SOUTH"
"Z1.5.A.01","40-59 years",8704,6596,75.8,560,6.4,"LETHBRIDGE - WEST","SOUTH"
"Z1.5.A.01","60-74 years",4903,4250,86.7,471,9.6,"LETHBRIDGE - WEST","SOUTH"
"Z1.5.A.01","75+ years",1596,1451,90.9,1323,82.9,"LETHBRIDGE - WEST","SOUTH"
"Z1.5.A.01","All age years",39115,22924,58.6,2987,7.6,"LETHBRIDGE - WEST","SOUTH"
"Z1.5.B.02","12-19 years",1496,1053,70.4,15,1,"LETHBRIDGE - NORTH","SOUTH"
"Z1.5.B.02","20-39 years",8270,4030,48.7,322,3.9,"LETHBRIDGE - NORTH","SOUTH"
"Z1.5.B.02","40-59 years",7090,4796,67.6,364,5.1,"LETHBRIDGE - NORTH","SOUTH"
"Z1.5.B.02","60-74 years",4590,3865,84.2,467,10.2,"LETHBRIDGE - NORTH","SOUTH"
"Z1.5.B.02","75+ years",2004,1779,88.8,1480,73.8,"LETHBRIDGE - NORTH","SOUTH"
"Z1.5.B.02","All age years",28222,15576,55.2,2648,9.4,"LETHBRIDGE - NORTH","SOUTH"
"Z1.5.C.03","12-19 years",1630,1250,76.7,16,1,"LETHBRIDGE - SOUTH","SOUTH"
"Z1.5.C.03","20-39 years",9700,4692,48.4,392,4,"LETHBRIDGE - SOUTH","SOUTH"
"Z1.5.C.03","40-59 years",7527,5237,69.6,478,6.4,"LETHBRIDGE - SOUTH","SOUTH"
"Z1.5.C.03","60-74 years",6621,5517,83.3,761,11.5,"LETHBRIDGE - SOUTH","SOUTH"
"Z1.5.C.03","75+ years",4430,3990,90.1,3666,82.7,"LETHBRIDGE - SOUTH","SOUTH"
"Z1.5.C.03","All age years",34789,20739,59.6,5313,15.3,"LETHBRIDGE - SOUTH","SOUTH"
"Z2.1.A.01","12-19 years",7877,4753,60.3,41,0.5,"CALGARY - UPPER NW","CALGARY"
"Z2.1.A.01","20-39 years",34553,17401,50.4,1179,3.4,"CALGARY - UPPER NW","CALGARY"
"Z2.1.A.01","40-59 years",34909,23934,68.6,1504,4.3,"CALGARY - UPPER NW","CALGARY"
"Z2.1.A.01","60-74 years",19230,15970,83,1969,10.2,"CALGARY - UPPER NW","CALGARY"
"Z2.1.A.01","75+ years",6641,5718,86.1,5131,77.3,"CALGARY - UPPER NW","CALGARY"
"Z2.1.A.01","All age years",125587,68002,54.1,9825,7.8,"CALGARY - UPPER NW","CALGARY"
"Z2.1.B.02","12-19 years",7453,3935,52.8,34,0.5,"CALGARY - NORTH","CALGARY"
"Z2.1.B.02","20-39 years",33695,15597,46.3,1100,3.3,"CALGARY - NORTH","CALGARY"
"Z2.1.B.02","40-59 years",34221,22652,66.2,1491,4.4,"CALGARY - NORTH","CALGARY"
"Z2.1.B.02","60-74 years",14770,12081,81.8,1181,8,"CALGARY - NORTH","CALGARY"
"Z2.1.B.02","75+ years",4424,3820,86.3,3169,71.6,"CALGARY - NORTH","CALGARY"
"Z2.1.B.02","All age years",118910,58257,49,6975,5.9,"CALGARY - NORTH","CALGARY"
"Z2.1.C.03","12-19 years",3505,1852,52.8,11,0.3,"CALGARY - NOSE HILL","CALGARY"
"Z2.1.C.03","20-39 years",25107,11623,46.3,675,2.7,"CALGARY - NOSE HILL","CALGARY"
"Z2.1.C.03","40-59 years",20735,13414,64.7,733,3.5,"CALGARY - NOSE HILL","CALGARY"
"Z2.1.C.03","60-74 years",11778,9453,80.3,1106,9.4,"CALGARY - NOSE HILL","CALGARY"
"Z2.1.C.03","75+ years",4952,4296,86.7,3735,75.4,"CALGARY - NOSE HILL","CALGARY"
"Z2.1.C.03","All age years",78422,40733,51.9,6260,8,"CALGARY - NOSE HILL","CALGARY"
"Z2.1.D.04","12-19 years",4208,2817,66.9,22,0.5,"CALGARY - LOWER NW","CALGARY"
"Z2.1.D.04","20-39 years",16704,8923,53.4,556,3.3,"CALGARY - LOWER NW","CALGARY"
"Z2.1.D.04","40-59 years",17271,12798,74.1,866,5,"CALGARY - LOWER NW","CALGARY"
"Z2.1.D.04","60-74 years",9736,8393,86.2,1184,12.2,"CALGARY - LOWER NW","CALGARY"
"Z2.1.D.04","75+ years",4417,4072,92.2,3776,85.5,"CALGARY - LOWER NW","CALGARY"
"Z2.1.D.04","All age years",62936,37141,59,6404,10.2,"CALGARY - LOWER NW","CALGARY"
"Z2.1.E.05","12-19 years",825,388,47,2,0.2,"CALGARY - WEST BOW","CALGARY"
"Z2.1.E.05","20-39 years",6482,3129,48.3,340,5.2,"CALGARY - WEST BOW","CALGARY"
"Z2.1.E.05","40-59 years",5552,3374,60.8,273,4.9,"CALGARY - WEST BOW","CALGARY"
"Z2.1.E.05","60-74 years",3760,2911,77.4,448,11.9,"CALGARY - WEST BOW","CALGARY"
"Z2.1.E.05","75+ years",1714,1496,87.3,1351,78.8,"CALGARY - WEST BOW","CALGARY"
"Z2.1.E.05","All age years",21500,11313,52.6,2414,11.2,"CALGARY - WEST BOW","CALGARY"
"Z2.1.F.06","12-19 years",1586,1196,75.4,8,0.5,"CALGARY - CENTRE NORTH","CALGARY"
"Z2.1.F.06","20-39 years",15638,8908,57,648,4.1,"CALGARY - CENTRE NORTH","CALGARY"
"Z2.1.F.06","40-59 years",12413,8488,68.4,613,4.9,"CALGARY - CENTRE NORTH","CALGARY"
"Z2.1.F.06","60-74 years",6537,5221,79.9,833,12.7,"CALGARY - CENTRE NORTH","CALGARY"
"Z2.1.F.06","75+ years",3007,2598,86.4,2325,77.3,"CALGARY - CENTRE NORTH","CALGARY"
"Z2.1.F.06","All age years",45414,26489,58.3,4427,9.7,"CALGARY - CENTRE NORTH","CALGARY"
"Z2.2.A.01","12-19 years",7779,3653,47,26,0.3,"CALGARY - UPPER NE","CALGARY"
"Z2.2.A.01","20-39 years",44857,16258,36.2,1142,2.5,"CALGARY - UPPER NE","CALGARY"
"Z2.2.A.01","40-59 years",29656,17921,60.4,1355,4.6,"CALGARY - UPPER NE","CALGARY"
"Z2.2.A.01","60-74 years",11824,9504,80.4,721,6.1,"CALGARY - UPPER NE","CALGARY"
"Z2.2.A.01","75+ years",3380,2604,77,1864,55.1,"CALGARY - UPPER NE","CALGARY"
"Z2.2.A.01","All age years",125654,50039,39.8,5108,4.1,"CALGARY - UPPER NE","CALGARY"
"Z2.2.B.02","12-19 years",5785,2139,37,23,0.4,"CALGARY - LOWER NE","CALGARY"
"Z2.2.B.02","20-39 years",28657,9107,31.8,555,1.9,"CALGARY - LOWER NE","CALGARY"
"Z2.2.B.02","40-59 years",25149,13926,55.4,875,3.5,"CALGARY - LOWER NE","CALGARY"
"Z2.2.B.02","60-74 years",14007,11392,81.3,1108,7.9,"CALGARY - LOWER NE","CALGARY"
"Z2.2.B.02","75+ years",4576,3968,86.7,3214,70.2,"CALGARY - LOWER NE","CALGARY"
"Z2.2.B.02","All age years",96631,40593,42,5775,6,"CALGARY - LOWER NE","CALGARY"
"Z2.3.A.01","12-19 years",4124,1214,29.4,7,0.2,"CALGARY - EAST","CALGARY"
"Z2.3.A.01","20-39 years",21176,6245,29.5,369,1.7,"CALGARY - EAST","CALGARY"
"Z2.3.A.01","40-59 years",20685,10572,51.1,604,2.9,"CALGARY - EAST","CALGARY"
"Z2.3.A.01","60-74 years",11080,8483,76.6,787,7.1,"CALGARY - EAST","CALGARY"
"Z2.3.A.01","75+ years",3557,2948,82.9,2375,66.8,"CALGARY - EAST","CALGARY"
"Z2.3.A.01","All age years",72591,29491,40.6,4142,5.7,"CALGARY - EAST","CALGARY"
"Z2.3.B.02","12-19 years",7432,3974,53.5,25,0.3,"CALGARY - SE","CALGARY"
"Z2.3.B.02","20-39 years",41476,18961,45.7,1620,3.9,"CALGARY - SE","CALGARY"
"Z2.3.B.02","40-59 years",38943,25514,65.5,1696,4.4,"CALGARY - SE","CALGARY"
"Z2.3.B.02","60-74 years",15419,12658,82.1,1300,8.4,"CALGARY - SE","CALGARY"
"Z2.3.B.02","75+ years",4263,3738,87.7,3434,80.6,"CALGARY - SE","CALGARY"
"Z2.3.B.02","All age years",138537,65070,47,8075,5.8,"CALGARY - SE","CALGARY"
"Z2.4.A.01","12-19 years",6217,4623,74.4,33,0.5,"CALGARY - WEST","CALGARY"
"Z2.4.A.01","20-39 years",22214,12048,54.2,750,3.4,"CALGARY - WEST","CALGARY"
"Z2.4.A.01","40-59 years",28211,20320,72,1285,4.6,"CALGARY - WEST","CALGARY"
"Z2.4.A.01","60-74 years",13870,11376,82,1624,11.7,"CALGARY - WEST","CALGARY"
"Z2.4.A.01","75+ years",5221,4588,87.9,4205,80.5,"CALGARY - WEST","CALGARY"
"Z2.4.A.01","All age years",93211,53190,57.1,7897,8.5,"CALGARY - WEST","CALGARY"
"Z2.4.B.02","12-19 years",1390,682,49.1,4,0.3,"CALGARY - CENTRE","CALGARY"
"Z2.4.B.02","20-39 years",33047,16468,49.8,927,2.8,"CALGARY - CENTRE","CALGARY"
"Z2.4.B.02","40-59 years",17260,9984,57.8,421,2.4,"CALGARY - CENTRE","CALGARY"
"Z2.4.B.02","60-74 years",8169,5975,73.1,758,9.3,"CALGARY - CENTRE","CALGARY"
"Z2.4.B.02","75+ years",2988,2302,77,1926,64.5,"CALGARY - CENTRE","CALGARY"
"Z2.4.B.02","All age years",69057,35435,51.3,4036,5.8,"CALGARY - CENTRE","CALGARY"
"Z2.4.C.03","12-19 years",2940,1955,66.5,14,0.5,"CALGARY - CENTRE WEST","CALGARY"
"Z2.4.C.03","20-39 years",21123,11361,53.8,928,4.4,"CALGARY - CENTRE WEST","CALGARY"
"Z2.4.C.03","40-59 years",18494,12936,69.9,814,4.4,"CALGARY - CENTRE WEST","CALGARY"
"Z2.4.C.03","60-74 years",8966,7263,81,1111,12.4,"CALGARY - CENTRE WEST","CALGARY"
"Z2.4.C.03","75+ years",3869,3492,90.3,3136,81.1,"CALGARY - CENTRE WEST","CALGARY"
"Z2.4.C.03","All age years",66463,37095,55.8,6003,9,"CALGARY - CENTRE WEST","CALGARY"
"Z2.4.D.04","12-19 years",1877,1426,76,10,0.5,"CALGARY - ELBOW","CALGARY"
"Z2.4.D.04","20-39 years",11893,6001,50.5,374,3.1,"CALGARY - ELBOW","CALGARY"
"Z2.4.D.04","40-59 years",10652,7265,68.2,559,5.2,"CALGARY - ELBOW","CALGARY"
"Z2.4.D.04","60-74 years",7583,6254,82.5,1289,17,"CALGARY - ELBOW","CALGARY"
"Z2.4.D.04","75+ years",3832,3285,85.7,3054,79.7,"CALGARY - ELBOW","CALGARY"
"Z2.4.D.04","All age years",41000,24290,59.2,5286,12.9,"CALGARY - ELBOW","CALGARY"
"Z2.4.E.05","12-19 years",5464,2627,48.1,19,0.3,"CALGARY - FISH CREEK","CALGARY"
"Z2.4.E.05","20-39 years",30543,13564,44.4,846,2.8,"CALGARY - FISH CREEK","CALGARY"
"Z2.4.E.05","40-59 years",29766,19584,65.8,1123,3.8,"CALGARY - FISH CREEK","CALGARY"
"Z2.4.E.05","60-74 years",20793,17299,83.2,2056,9.9,"CALGARY - FISH CREEK","CALGARY"
"Z2.4.E.05","75+ years",8203,7272,88.6,6511,79.4,"CALGARY - FISH CREEK","CALGARY"
"Z2.4.E.05","All age years",111466,60457,54.2,10555,9.5,"CALGARY - FISH CREEK","CALGARY"
"Z2.4.F.06","12-19 years",7799,4076,52.3,52,0.7,"CALGARY - SW","CALGARY"
"Z2.4.F.06","20-39 years",32217,14528,45.1,1165,3.6,"CALGARY - SW","CALGARY"
"Z2.4.F.06","40-59 years",35029,22991,65.6,1868,5.3,"CALGARY - SW","CALGARY"
"Z2.4.F.06","60-74 years",15660,12902,82.4,1445,9.2,"CALGARY - SW","CALGARY"
"Z2.4.F.06","75+ years",5845,5194,88.9,4744,81.2,"CALGARY - SW","CALGARY"
"Z2.4.F.06","All age years",118678,59848,50.4,9274,7.8,"CALGARY - SW","CALGARY"
"Z2.5.A.01","12-19 years",3452,1378,39.9,17,0.5,"OKOTOKS-PRIDDIS","CALGARY"
"Z2.5.A.01","20-39 years",10373,3659,35.3,270,2.6,"OKOTOKS-PRIDDIS","CALGARY"
"Z2.5.A.01","40-59 years",13508,8172,60.5,461,3.4,"OKOTOKS-PRIDDIS","CALGARY"
"Z2.5.A.01","60-74 years",8412,6605,78.5,679,8.1,"OKOTOKS-PRIDDIS","CALGARY"
"Z2.5.A.01","75+ years",2636,2295,87,2081,78.9,"OKOTOKS-PRIDDIS","CALGARY"
"Z2.5.A.01","All age years",46994,22171,47.2,3508,7.5,"OKOTOKS-PRIDDIS","CALGARY"
"Z2.5.B.02","12-19 years",465,139,29.9,3,0.6,"BLACK DIAMOND","CALGARY"
"Z2.5.B.02","20-39 years",1783,514,28.8,72,4,"BLACK DIAMOND","CALGARY"
"Z2.5.B.02","40-59 years",2341,1146,48.9,103,4.4,"BLACK DIAMOND","CALGARY"
"Z2.5.B.02","60-74 years",2139,1585,74.1,154,7.2,"BLACK DIAMOND","CALGARY"
"Z2.5.B.02","75+ years",724,608,84,472,65.2,"BLACK DIAMOND","CALGARY"
"Z2.5.B.02","All age years",8875,3998,45,804,9.1,"BLACK DIAMOND","CALGARY"
"Z2.5.B.03","12-19 years",1525,493,32.3,10,0.7,"HIGH RIVER","CALGARY"
"Z2.5.B.03","20-39 years",5174,1534,29.7,117,2.3,"HIGH RIVER","CALGARY"
"Z2.5.B.03","40-59 years",6115,3281,53.7,224,3.7,"HIGH RIVER","CALGARY"
"Z2.5.B.03","60-74 years",4868,3579,73.5,368,7.6,"HIGH RIVER","CALGARY"
"Z2.5.B.03","75+ years",2379,2039,85.7,1724,72.5,"HIGH RIVER","CALGARY"
"Z2.5.B.03","All age years",23993,10937,45.6,2443,10.2,"HIGH RIVER","CALGARY"
"Z2.5.C.04","12-19 years",266,77,29,0,0,"CLARESHOLM","CALGARY"
"Z2.5.C.04","20-39 years",1257,344,27.4,32,2.5,"CLARESHOLM","CALGARY"
"Z2.5.C.04","40-59 years",1502,749,49.9,73,4.9,"CLARESHOLM","CALGARY"
"Z2.5.C.04","60-74 years",1530,1172,76.6,135,8.8,"CLARESHOLM","CALGARY"
"Z2.5.C.04","75+ years",831,704,84.7,555,66.8,"CLARESHOLM","CALGARY"
"Z2.5.C.04","All age years",6267,3053,48.7,795,12.7,"CLARESHOLM","CALGARY"
"Z2.5.C.05","12-19 years",457,134,29.3,2,0.4,"VULCAN","CALGARY"
"Z2.5.C.05","20-39 years",1488,368,24.7,28,1.9,"VULCAN","CALGARY"
"Z2.5.C.05","40-59 years",1515,687,45.4,61,4,"VULCAN","CALGARY"
"Z2.5.C.05","60-74 years",1496,1058,70.7,95,6.3,"VULCAN","CALGARY"
"Z2.5.C.05","75+ years",679,553,81.4,413,60.8,"VULCAN","CALGARY"
"Z2.5.C.05","All age years",6837,2803,41,599,8.8,"VULCAN","CALGARY"
"Z2.6.A.01","12-19 years",4571,1948,42.6,10,0.2,"AIRDRIE","CALGARY"
"Z2.6.A.01","20-39 years",22157,8012,36.2,532,2.4,"AIRDRIE","CALGARY"
"Z2.6.A.01","40-59 years",20294,11827,58.3,626,3.1,"AIRDRIE","CALGARY"
"Z2.6.A.01","60-74 years",8824,7038,79.8,472,5.3,"AIRDRIE","CALGARY"
"Z2.6.A.01","75+ years",2222,1822,82,1529,68.8,"AIRDRIE","CALGARY"
"Z2.6.A.01","All age years",76018,30758,40.5,3169,4.2,"AIRDRIE","CALGARY"
"Z2.6.B.02","12-19 years",1807,895,49.5,4,0.2,"CHESTERMERE","CALGARY"
"Z2.6.B.02","20-39 years",6562,2776,42.3,171,2.6,"CHESTERMERE","CALGARY"
"Z2.6.B.02","40-59 years",7295,4631,63.5,234,3.2,"CHESTERMERE","CALGARY"
"Z2.6.B.02","60-74 years",3610,2872,79.6,262,7.3,"CHESTERMERE","CALGARY"
"Z2.6.B.02","75+ years",1145,1015,88.6,879,76.8,"CHESTERMERE","CALGARY"
"Z2.6.B.02","All age years",25681,12221,47.6,1550,6,"CHESTERMERE","CALGARY"
"Z2.6.C.03","12-19 years",2500,1083,43.3,50,2,"STRATHMORE","CALGARY"
"Z2.6.C.03","20-39 years",8802,3189,36.2,572,6.5,"STRATHMORE","CALGARY"
"Z2.6.C.03","40-59 years",9970,5715,57.3,787,7.9,"STRATHMORE","CALGARY"
"Z2.6.C.03","60-74 years",5565,4207,75.6,657,11.8,"STRATHMORE","CALGARY"
"Z2.6.C.03","75+ years",1971,1674,84.9,1394,70.7,"STRATHMORE","CALGARY"
"Z2.6.C.03","All age years",35924,15939,44.4,3460,9.6,"STRATHMORE","CALGARY"
"Z2.6.C.04","12-19 years",526,230,43.8,5,1,"CROSSFIELD","CALGARY"
"Z2.6.C.04","20-39 years",2287,649,28.4,20,0.9,"CROSSFIELD","CALGARY"
"Z2.6.C.04","40-59 years",2618,1300,49.7,45,1.7,"CROSSFIELD","CALGARY"
"Z2.6.C.04","60-74 years",1866,1271,68.1,123,6.6,"CROSSFIELD","CALGARY"
"Z2.6.C.04","75+ years",508,397,78.1,294,57.8,"CROSSFIELD","CALGARY"
"Z2.6.C.04","All age years",9432,3858,40.9,487,5.2,"CROSSFIELD","CALGARY"
"Z2.6.C.05","12-19 years",1044,444,42.5,5,0.5,"DIDSBURY","CALGARY"
"Z2.6.C.05","20-39 years",3607,1026,28.4,80,2.2,"DIDSBURY","CALGARY"
"Z2.6.C.05","40-59 years",4485,2199,49,154,3.4,"DIDSBURY","CALGARY"
"Z2.6.C.05","60-74 years",3319,2424,73,204,6.1,"DIDSBURY","CALGARY"
"Z2.6.C.05","75+ years",1209,1080,89.3,856,70.8,"DIDSBURY","CALGARY"
"Z2.6.C.05","All age years",16700,7196,43.1,1299,7.8,"DIDSBURY","CALGARY"
"Z2.7.A.01","12-19 years",3247,1692,52.1,10,0.3,"COCHRANE-SPRINGBANK","CALGARY"
"Z2.7.A.01","20-39 years",12658,5459,43.1,370,2.9,"COCHRANE-SPRINGBANK","CALGARY"
"Z2.7.A.01","40-59 years",14175,9212,65,634,4.5,"COCHRANE-SPRINGBANK","CALGARY"
"Z2.7.A.01","60-74 years",9720,7616,78.4,941,9.7,"COCHRANE-SPRINGBANK","CALGARY"
"Z2.7.A.01","75+ years",2978,2546,85.5,2322,78,"COCHRANE-SPRINGBANK","CALGARY"
"Z2.7.A.01","All age years",52406,26605,50.8,4277,8.2,"COCHRANE-SPRINGBANK","CALGARY"
"Z2.7.B.02","12-19 years",1515,1044,68.9,26,1.7,"CANMORE","CALGARY"
"Z2.7.B.02","20-39 years",8460,4016,47.5,370,4.4,"CANMORE","CALGARY"
"Z2.7.B.02","40-59 years",7679,5251,68.4,489,6.4,"CANMORE","CALGARY"
"Z2.7.B.02","60-74 years",4711,3788,80.4,455,9.7,"CANMORE","CALGARY"
"Z2.7.B.02","75+ years",1267,1078,85.1,997,78.7,"CANMORE","CALGARY"
"Z2.7.B.02","All age years",28270,15223,53.8,2337,8.3,"CANMORE","CALGARY"
"Z2.7.B.03","12-19 years",486,359,73.9,0,0,"BANFF","CALGARY"
"Z2.7.B.03","20-39 years",7824,3641,46.5,46,0.6,"BANFF","CALGARY"
"Z2.7.B.03","40-59 years",2983,2036,68.2,78,2.6,"BANFF","CALGARY"
"Z2.7.B.03","60-74 years",1082,851,78.6,83,7.7,"BANFF","CALGARY"
"Z2.7.B.03","75+ years",301,263,87.4,236,78.4,"BANFF","CALGARY"
"Z2.7.B.03","All age years",13665,7164,52.4,443,3.2,"BANFF","CALGARY"
"Z3.1.A.01","12-19 years",1279,410,32.1,7,0.5,"ROCKY MOUNTAIN HOUSE","CENTRAL"
"Z3.1.A.01","20-39 years",5102,1267,24.8,153,3,"ROCKY MOUNTAIN HOUSE","CENTRAL"
"Z3.1.A.01","40-59 years",5199,2436,46.9,227,4.4,"ROCKY MOUNTAIN HOUSE","CENTRAL"
"Z3.1.A.01","60-74 years",3606,2517,69.8,285,7.9,"ROCKY MOUNTAIN HOUSE","CENTRAL"
"Z3.1.A.01","75+ years",1381,1120,81.1,873,63.2,"ROCKY MOUNTAIN HOUSE","CENTRAL"
"Z3.1.A.01","All age years",20358,7766,38.1,1545,7.6,"ROCKY MOUNTAIN HOUSE","CENTRAL"
"Z3.1.B.02","12-19 years",1106,309,27.9,4,0.4,"DRAYTON VALLEY","CENTRAL"
"Z3.1.B.02","20-39 years",4686,1043,22.3,88,1.9,"DRAYTON VALLEY","CENTRAL"
"Z3.1.B.02","40-59 years",4799,2051,42.7,133,2.8,"DRAYTON VALLEY","CENTRAL"
"Z3.1.B.02","60-74 years",3017,2054,68.1,138,4.6,"DRAYTON VALLEY","CENTRAL"
"Z3.1.B.02","75+ years",1098,871,79.3,521,47.5,"DRAYTON VALLEY","CENTRAL"
"Z3.1.B.02","All age years",18113,6340,35,884,4.9,"DRAYTON VALLEY","CENTRAL"
"Z3.2.A.01","12-19 years",414,148,35.7,4,1,"SUNDRE","CENTRAL"
"Z3.2.A.01","20-39 years",1432,355,24.8,26,1.8,"SUNDRE","CENTRAL"
"Z3.2.A.01","40-59 years",1750,785,44.9,54,3.1,"SUNDRE","CENTRAL"
"Z3.2.A.01","60-74 years",1633,1131,69.3,112,6.9,"SUNDRE","CENTRAL"
"Z3.2.A.01","75+ years",647,521,80.5,302,46.7,"SUNDRE","CENTRAL"
"Z3.2.A.01","All age years",6847,2943,43,498,7.3,"SUNDRE","CENTRAL"
"Z3.2.A.02","12-19 years",707,397,56.1,1,0.1,"OLDS","CENTRAL"
"Z3.2.A.02","20-39 years",3167,1124,35.5,96,3,"OLDS","CENTRAL"
"Z3.2.A.02","40-59 years",3103,1717,55.3,125,4,"OLDS","CENTRAL"
"Z3.2.A.02","60-74 years",2280,1743,76.5,145,6.4,"OLDS","CENTRAL"
"Z3.2.A.02","75+ years",1355,1110,81.9,889,65.6,"OLDS","CENTRAL"
"Z3.2.A.02","All age years",12662,6102,48.2,1256,9.9,"OLDS","CENTRAL"
"Z3.2.B.03","12-19 years",911,348,38.2,6,0.7,"INNISFAIL","CENTRAL"
"Z3.2.B.03","20-39 years",3773,1090,28.9,91,2.4,"INNISFAIL","CENTRAL"
"Z3.2.B.03","40-59 years",4106,2149,52.3,154,3.8,"INNISFAIL","CENTRAL"
"Z3.2.B.03","60-74 years",3248,2437,75,224,6.9,"INNISFAIL","CENTRAL"
"Z3.2.B.03","75+ years",1468,1265,86.2,882,60.1,"INNISFAIL","CENTRAL"
"Z3.2.B.03","All age years",15923,7301,45.9,1357,8.5,"INNISFAIL","CENTRAL"
"Z3.2.C.04","12-19 years",1700,784,46.1,6,0.4,"RED DEER COUNTY","CENTRAL"
"Z3.2.C.04","20-39 years",8941,2552,28.5,215,2.4,"RED DEER COUNTY","CENTRAL"
"Z3.2.C.04","40-59 years",7587,3672,48.4,244,3.2,"RED DEER COUNTY","CENTRAL"
"Z3.2.C.04","60-74 years",4663,3149,67.5,337,7.2,"RED DEER COUNTY","CENTRAL"
"Z3.2.C.04","75+ years",1409,1102,78.2,856,60.8,"RED DEER COUNTY","CENTRAL"
"Z3.2.C.04","All age years",30540,11294,37,1658,5.4,"RED DEER COUNTY","CENTRAL"
"Z3.2.C.05","12-19 years",1123,508,45.2,3,0.3,"SYLVAN LAKE","CENTRAL"
"Z3.2.C.05","20-39 years",5697,1646,28.9,137,2.4,"SYLVAN LAKE","CENTRAL"
"Z3.2.C.05","40-59 years",4766,2339,49.1,149,3.1,"SYLVAN LAKE","CENTRAL"
"Z3.2.C.05","60-74 years",2413,1707,70.7,157,6.5,"SYLVAN LAKE","CENTRAL"
"Z3.2.C.05","75+ years",631,529,83.8,411,65.1,"SYLVAN LAKE","CENTRAL"
"Z3.2.C.05","All age years",18367,6753,36.8,857,4.7,"SYLVAN LAKE","CENTRAL"
"Z3.3.A.01","12-19 years",697,271,38.9,7,1,"THREE HILLS/HIGHWAY 21","CENTRAL"
"Z3.3.A.01","20-39 years",2481,761,30.7,77,3.1,"THREE HILLS/HIGHWAY 21","CENTRAL"
"Z3.3.A.01","40-59 years",2658,1280,48.2,123,4.6,"THREE HILLS/HIGHWAY 21","CENTRAL"
"Z3.3.A.01","60-74 years",2052,1407,68.6,127,6.2,"THREE HILLS/HIGHWAY 21","CENTRAL"
"Z3.3.A.01","75+ years",1005,769,76.5,489,48.6,"THREE HILLS/HIGHWAY 21","CENTRAL"
"Z3.3.A.01","All age years",10858,4501,41.5,823,7.6,"THREE HILLS/HIGHWAY 21","CENTRAL"
"Z3.3.A.02","12-19 years",716,333,46.5,3,0.4,"STARLAND COUNTY/DRUMHELLER","CENTRAL"
"Z3.3.A.02","20-39 years",2837,1008,35.5,98,3.5,"STARLAND COUNTY/DRUMHELLER","CENTRAL"
"Z3.3.A.02","40-59 years",3069,1662,54.2,152,5,"STARLAND COUNTY/DRUMHELLER","CENTRAL"
"Z3.3.A.02","60-74 years",2396,1815,75.8,163,6.8,"STARLAND COUNTY/DRUMHELLER","CENTRAL"
"Z3.3.A.02","75+ years",961,838,87.2,611,63.6,"STARLAND COUNTY/DRUMHELLER","CENTRAL"
"Z3.3.A.02","All age years",11848,5666,47.8,1027,8.7,"STARLAND COUNTY/DRUMHELLER","CENTRAL"
"Z3.3.A.04","12-19 years",207,61,29.4,3,1.4,"PLANNING & SPECIAL AREA 2","CENTRAL"
"Z3.3.A.04","20-39 years",776,212,27.3,22,2.8,"PLANNING & SPECIAL AREA 2","CENTRAL"
"Z3.3.A.04","40-59 years",960,455,47.4,43,4.5,"PLANNING & SPECIAL AREA 2","CENTRAL"
"Z3.3.A.04","60-74 years",803,520,64.8,43,5.4,"PLANNING & SPECIAL AREA 2","CENTRAL"
"Z3.3.A.04","75+ years",372,325,87.3,229,61.5,"PLANNING & SPECIAL AREA 2","CENTRAL"
"Z3.3.A.04","All age years",3673,1578,43,340,9.3,"PLANNING & SPECIAL AREA 2","CENTRAL"
"Z3.3.B.03","12-19 years",745,261,35,4,0.5,"STETTLER & COUNTY","CENTRAL"
"Z3.3.B.03","20-39 years",3014,809,26.8,95,3.2,"STETTLER & COUNTY","CENTRAL"
"Z3.3.B.03","40-59 years",3001,1435,47.8,124,4.1,"STETTLER & COUNTY","CENTRAL"
"Z3.3.B.03","60-74 years",2371,1651,69.6,161,6.8,"STETTLER & COUNTY","CENTRAL"
"Z3.3.B.03","75+ years",1156,955,82.6,683,59.1,"STETTLER & COUNTY","CENTRAL"
"Z3.3.B.03","All age years",12597,5120,40.6,1067,8.5,"STETTLER & COUNTY","CENTRAL"
"Z3.3.B.05","12-19 years",428,115,26.9,0,0,"CASTOR/CORONATION/CONSORT","CENTRAL"
"Z3.3.B.05","20-39 years",1396,356,25.5,62,4.4,"CASTOR/CORONATION/CONSORT","CENTRAL"
"Z3.3.B.05","40-59 years",1515,633,41.8,84,5.5,"CASTOR/CORONATION/CONSORT","CENTRAL"
"Z3.3.B.05","60-74 years",1210,832,68.8,240,19.8,"CASTOR/CORONATION/CONSORT","CENTRAL"
"Z3.3.B.05","75+ years",518,407,78.5,318,61.3,"CASTOR/CORONATION/CONSORT","CENTRAL"
"Z3.3.B.05","All age years",6194,2350,37.9,704,11.4,"CASTOR/CORONATION/CONSORT","CENTRAL"
"Z3.4.A.01","12-19 years",2300,873,38,48,2.1,"WETASKIWIN COUNTY","CENTRAL"
"Z3.4.A.01","20-39 years",8308,2734,32.9,592,7.1,"WETASKIWIN COUNTY","CENTRAL"
"Z3.4.A.01","40-59 years",7809,4249,54.4,810,10.4,"WETASKIWIN COUNTY","CENTRAL"
"Z3.4.A.01","60-74 years",5668,4139,73,728,12.8,"WETASKIWIN COUNTY","CENTRAL"
"Z3.4.A.01","75+ years",2415,2077,86,1668,69.1,"WETASKIWIN COUNTY","CENTRAL"
"Z3.4.A.01","All age years",33659,14106,41.9,3846,11.4,"WETASKIWIN COUNTY","CENTRAL"
"Z3.4.B.02","12-19 years",740,285,38.5,7,0.9,"PONOKA","CENTRAL"
"Z3.4.B.02","20-39 years",3210,959,29.9,138,4.3,"PONOKA","CENTRAL"
"Z3.4.B.02","40-59 years",2960,1607,54.3,201,6.8,"PONOKA","CENTRAL"
"Z3.4.B.02","60-74 years",2200,1568,71.3,177,8,"PONOKA","CENTRAL"
"Z3.4.B.02","75+ years",1011,835,82.6,645,63.8,"PONOKA","CENTRAL"
"Z3.4.B.02","All age years",12487,5260,42.1,1168,9.4,"PONOKA","CENTRAL"
"Z3.4.B.03","12-19 years",567,167,29.4,0,0,"RIMBEY","CENTRAL"
"Z3.4.B.03","20-39 years",2214,496,22.4,43,1.9,"RIMBEY","CENTRAL"
"Z3.4.B.03","40-59 years",2471,999,40.4,84,3.4,"RIMBEY","CENTRAL"
"Z3.4.B.03","60-74 years",2265,1548,68.3,135,6,"RIMBEY","CENTRAL"
"Z3.4.B.03","75+ years",928,749,80.7,482,51.9,"RIMBEY","CENTRAL"
"Z3.4.B.03","All age years",10134,3969,39.2,744,7.3,"RIMBEY","CENTRAL"
"Z3.4.B.04","12-19 years",1497,660,44.1,6,0.4,"LACOMBE","CENTRAL"
"Z3.4.B.04","20-39 years",6146,2028,33,165,2.7,"LACOMBE","CENTRAL"
"Z3.4.B.04","40-59 years",5817,3088,53.1,222,3.8,"LACOMBE","CENTRAL"
"Z3.4.B.04","60-74 years",4089,2883,70.5,312,7.6,"LACOMBE","CENTRAL"
"Z3.4.B.04","75+ years",1684,1374,81.6,968,57.5,"LACOMBE","CENTRAL"
"Z3.4.B.04","All age years",23679,10069,42.5,1673,7.1,"LACOMBE","CENTRAL"
"Z3.5.A.01","12-19 years",1664,1035,62.2,6,0.4,"CAMROSE & COUNTY","CENTRAL"
"Z3.5.A.01","20-39 years",7537,3079,40.8,345,4.6,"CAMROSE & COUNTY","CENTRAL"
"Z3.5.A.01","40-59 years",7156,4475,62.5,496,6.9,"CAMROSE & COUNTY","CENTRAL"
"Z3.5.A.01","60-74 years",5681,4528,79.7,560,9.9,"CAMROSE & COUNTY","CENTRAL"
"Z3.5.A.01","75+ years",2987,2666,89.3,2359,79,"CAMROSE & COUNTY","CENTRAL"
"Z3.5.A.01","All age years",30202,15839,52.4,3766,12.5,"CAMROSE & COUNTY","CENTRAL"
"Z3.5.B.02","12-19 years",430,190,44.2,1,0.2,"TOFIELD","CENTRAL"
"Z3.5.B.02","20-39 years",1803,662,36.7,55,3,"TOFIELD","CENTRAL"
"Z3.5.B.02","40-59 years",2038,1086,53.3,87,4.3,"TOFIELD","CENTRAL"
"Z3.5.B.02","60-74 years",1580,1174,74.3,139,8.8,"TOFIELD","CENTRAL"
"Z3.5.B.02","75+ years",619,500,80.8,382,61.7,"TOFIELD","CENTRAL"
"Z3.5.B.02","All age years",7876,3617,45.9,664,8.4,"TOFIELD","CENTRAL"
"Z3.5.B.03","12-19 years",134,56,41.9,2,1.5,"VIKING","CENTRAL"
"Z3.5.B.03","20-39 years",505,176,34.9,30,5.9,"VIKING","CENTRAL"
"Z3.5.B.03","40-59 years",585,331,56.6,41,7,"VIKING","CENTRAL"
"Z3.5.B.03","60-74 years",514,369,71.9,77,15,"VIKING","CENTRAL"
"Z3.5.B.03","75+ years",285,236,82.7,198,69.4,"VIKING","CENTRAL"
"Z3.5.B.03","All age years",2385,1169,49,348,14.6,"VIKING","CENTRAL"
"Z3.5.B.04","12-19 years",529,254,48,7,1.3,"FLAGSTAFF COUNTY","CENTRAL"
"Z3.5.B.04","20-39 years",1817,622,34.2,62,3.4,"FLAGSTAFF COUNTY","CENTRAL"
"Z3.5.B.04","40-59 years",2106,1186,56.3,111,5.3,"FLAGSTAFF COUNTY","CENTRAL"
"Z3.5.B.04","60-74 years",1795,1402,78.1,141,7.9,"FLAGSTAFF COUNTY","CENTRAL"
"Z3.5.B.04","75+ years",840,721,85.8,585,69.6,"FLAGSTAFF COUNTY","CENTRAL"
"Z3.5.B.04","All age years",8424,4193,49.8,906,10.8,"FLAGSTAFF COUNTY","CENTRAL"
"Z3.5.C.05","12-19 years",356,119,33.4,3,0.8,"MD OF PROVOST","CENTRAL"
"Z3.5.C.05","20-39 years",1236,314,25.4,34,2.8,"MD OF PROVOST","CENTRAL"
"Z3.5.C.05","40-59 years",1256,538,42.8,52,4.1,"MD OF PROVOST","CENTRAL"
"Z3.5.C.05","60-74 years",806,565,70.1,49,6.1,"MD OF PROVOST","CENTRAL"
"Z3.5.C.05","75+ years",377,316,83.7,231,61.2,"MD OF PROVOST","CENTRAL"
"Z3.5.C.05","All age years",4891,1853,37.9,369,7.5,"MD OF PROVOST","CENTRAL"
"Z3.5.C.06","12-19 years",783,413,52.8,0,0,"MD OF WAINWRIGHT","CENTRAL"
"Z3.5.C.06","20-39 years",3204,1206,37.6,85,2.7,"MD OF WAINWRIGHT","CENTRAL"
"Z3.5.C.06","40-59 years",2953,1648,55.8,118,4,"MD OF WAINWRIGHT","CENTRAL"
"Z3.5.C.06","60-74 years",1938,1437,74.2,108,5.6,"MD OF WAINWRIGHT","CENTRAL"
"Z3.5.C.06","75+ years",779,663,85.2,532,68.3,"MD OF WAINWRIGHT","CENTRAL"
"Z3.5.C.06","All age years",12030,5384,44.8,843,7,"MD OF WAINWRIGHT","CENTRAL"
"Z3.6.A.01","12-19 years",298,164,55,2,0.7,"LAMONT COUNTY","CENTRAL"
"Z3.6.A.01","20-39 years",1485,451,30.4,47,3.2,"LAMONT COUNTY","CENTRAL"
"Z3.6.A.01","40-59 years",1564,831,53.1,82,5.2,"LAMONT COUNTY","CENTRAL"
"Z3.6.A.01","60-74 years",1409,1032,73.2,128,9.1,"LAMONT COUNTY","CENTRAL"
"Z3.6.A.01","75+ years",597,520,87.1,403,67.5,"LAMONT COUNTY","CENTRAL"
"Z3.6.A.01","All age years",6427,3003,46.7,662,10.3,"LAMONT COUNTY","CENTRAL"
"Z3.6.A.02","12-19 years",437,49,11.2,0,0,"TWO HILLS COUNTY","CENTRAL"
"Z3.6.A.02","20-39 years",1380,195,14.1,29,2.1,"TWO HILLS COUNTY","CENTRAL"
"Z3.6.A.02","40-59 years",1106,377,34.1,51,4.6,"TWO HILLS COUNTY","CENTRAL"
"Z3.6.A.02","60-74 years",801,575,71.7,243,30.3,"TWO HILLS COUNTY","CENTRAL"
"Z3.6.A.02","75+ years",435,362,83.3,306,70.4,"TWO HILLS COUNTY","CENTRAL"
"Z3.6.A.02","All age years",5608,1561,27.8,629,11.2,"TWO HILLS COUNTY","CENTRAL"
"Z3.6.A.03","12-19 years",565,295,52.2,6,1.1,"VEGREVILLE/MINBURN COUNTY","CENTRAL"
"Z3.6.A.03","20-39 years",2342,856,36.6,83,3.5,"VEGREVILLE/MINBURN COUNTY","CENTRAL"
"Z3.6.A.03","40-59 years",2594,1557,60,166,6.4,"VEGREVILLE/MINBURN COUNTY","CENTRAL"
"Z3.6.A.03","60-74 years",2003,1551,77.4,282,14.1,"VEGREVILLE/MINBURN COUNTY","CENTRAL"
"Z3.6.A.03","75+ years",1150,994,86.4,745,64.8,"VEGREVILLE/MINBURN COUNTY","CENTRAL"
"Z3.6.A.03","All age years",10314,5266,51.1,1282,12.4,"VEGREVILLE/MINBURN COUNTY","CENTRAL"
"Z3.6.B.04","12-19 years",2443,660,27,2,0.1,"VERMILION RIVER COUNTY","CENTRAL"
"Z3.6.B.04","20-39 years",10018,1963,19.6,110,1.1,"VERMILION RIVER COUNTY","CENTRAL"
"Z3.6.B.04","40-59 years",9494,2104,22.2,145,1.5,"VERMILION RIVER COUNTY","CENTRAL"
"Z3.6.B.04","60-74 years",5524,2558,46.3,355,6.4,"VERMILION RIVER COUNTY","CENTRAL"
"Z3.6.B.04","75+ years",2355,1405,59.7,922,39.2,"VERMILION RIVER COUNTY","CENTRAL"
"Z3.6.B.04","All age years",36913,8710,23.6,1534,4.2,"VERMILION RIVER COUNTY","CENTRAL"
"Z3.7.A.01","12-19 years",2094,1100,52.5,5,0.2,"RED DEER - NORTH","CENTRAL"
"Z3.7.A.01","20-39 years",10995,3855,35.1,309,2.8,"RED DEER - NORTH","CENTRAL"
"Z3.7.A.01","40-59 years",9039,5079,56.2,411,4.5,"RED DEER - NORTH","CENTRAL"
"Z3.7.A.01","60-74 years",4945,3781,76.5,492,9.9,"RED DEER - NORTH","CENTRAL"
"Z3.7.A.01","75+ years",1736,1510,87,1289,74.2,"RED DEER - NORTH","CENTRAL"
"Z3.7.A.01","All age years",35527,15371,43.3,2506,7.1,"RED DEER - NORTH","CENTRAL"
"Z3.7.B.02","12-19 years",671,285,42.5,2,0.3,"RED DEER - SW","CENTRAL"
"Z3.7.B.02","20-39 years",4840,1668,34.5,140,2.9,"RED DEER - SW","CENTRAL"
"Z3.7.B.02","40-59 years",4125,2056,49.8,143,3.5,"RED DEER - SW","CENTRAL"
"Z3.7.B.02","60-74 years",2684,1905,71,228,8.5,"RED DEER - SW","CENTRAL"
"Z3.7.B.02","75+ years",1253,992,79.1,760,60.6,"RED DEER - SW","CENTRAL"
"Z3.7.B.02","All age years",15728,6912,43.9,1273,8.1,"RED DEER - SW","CENTRAL"
"Z3.7.C.03","12-19 years",3540,2408,68,16,0.5,"RED DEER - EAST","CENTRAL"
"Z3.7.C.03","20-39 years",15630,6982,44.7,737,4.7,"RED DEER - EAST","CENTRAL"
"Z3.7.C.03","40-59 years",14810,9354,63.2,792,5.3,"RED DEER - EAST","CENTRAL"
"Z3.7.C.03","60-74 years",8147,6579,80.8,867,10.6,"RED DEER - EAST","CENTRAL"
"Z3.7.C.03","75+ years",3166,2727,86.1,2158,68.2,"RED DEER - EAST","CENTRAL"
"Z3.7.C.03","All age years",55457,28150,50.8,4570,8.2,"RED DEER - EAST","CENTRAL"
"Z4.1.A.01","12-19 years",1962,992,50.6,6,0.3,"EDMONTON - WOODCROFT EAST","EDMONTON"
"Z4.1.A.01","20-39 years",22826,10077,44.1,838,3.7,"EDMONTON - WOODCROFT EAST","EDMONTON"
"Z4.1.A.01","40-59 years",15891,9403,59.2,602,3.8,"EDMONTON - WOODCROFT EAST","EDMONTON"
"Z4.1.A.01","60-74 years",8756,6775,77.4,1037,11.8,"EDMONTON - WOODCROFT EAST","EDMONTON"
"Z4.1.A.01","75+ years",3772,3235,85.8,2746,72.8,"EDMONTON - WOODCROFT EAST","EDMONTON"
"Z4.1.A.01","All age years",60961,30519,50.1,5229,8.6,"EDMONTON - WOODCROFT EAST","EDMONTON"
"Z4.1.B.02","12-19 years",1548,995,64.3,12,0.8,"EDMONTON - WOODCROFT WEST","EDMONTON"
"Z4.1.B.02","20-39 years",10005,4981,49.8,460,4.6,"EDMONTON - WOODCROFT WEST","EDMONTON"
"Z4.1.B.02","40-59 years",8882,5970,67.2,427,4.8,"EDMONTON - WOODCROFT WEST","EDMONTON"
"Z4.1.B.02","60-74 years",5169,4084,79,453,8.8,"EDMONTON - WOODCROFT WEST","EDMONTON"
"Z4.1.B.02","75+ years",1867,1656,88.7,1426,76.4,"EDMONTON - WOODCROFT WEST","EDMONTON"
"Z4.1.B.02","All age years",33412,17725,53,2778,8.3,"EDMONTON - WOODCROFT WEST","EDMONTON"
"Z4.1.C.03","12-19 years",2507,1192,47.5,8,0.3,"EDMONTON - JASPER PLACE","EDMONTON"
"Z4.1.C.03","20-39 years",13813,5626,40.7,442,3.2,"EDMONTON - JASPER PLACE","EDMONTON"
"Z4.1.C.03","40-59 years",12382,7363,59.5,594,4.8,"EDMONTON - JASPER PLACE","EDMONTON"
"Z4.1.C.03","60-74 years",7061,5373,76.1,728,10.3,"EDMONTON - JASPER PLACE","EDMONTON"
"Z4.1.C.03","75+ years",3864,3218,83.3,2801,72.5,"EDMONTON - JASPER PLACE","EDMONTON"
"Z4.1.C.03","All age years",47017,22818,48.5,4573,9.7,"EDMONTON - JASPER PLACE","EDMONTON"
"Z4.1.D.04","12-19 years",6095,4402,72.2,34,0.6,"EDMONTON - WEST JASPER PLACE","EDMONTON"
"Z4.1.D.04","20-39 years",30189,16997,56.3,1655,5.5,"EDMONTON - WEST JASPER PLACE","EDMONTON"
"Z4.1.D.04","40-59 years",28265,20545,72.7,1875,6.6,"EDMONTON - WEST JASPER PLACE","EDMONTON"
"Z4.1.D.04","60-74 years",15334,13157,85.8,1948,12.7,"EDMONTON - WEST JASPER PLACE","EDMONTON"
"Z4.1.D.04","75+ years",5222,4714,90.3,4156,79.6,"EDMONTON - WEST JASPER PLACE","EDMONTON"
"Z4.1.D.04","All age years",105899,60048,56.7,9668,9.1,"EDMONTON - WEST JASPER PLACE","EDMONTON"
"Z4.2.A.01","12-19 years",4539,2234,49.2,20,0.4,"EDMONTON - CASTLE DOWNS","EDMONTON"
"Z4.2.A.01","20-39 years",21000,9331,44.4,793,3.8,"EDMONTON - CASTLE DOWNS","EDMONTON"
"Z4.2.A.01","40-59 years",18520,11967,64.6,974,5.3,"EDMONTON - CASTLE DOWNS","EDMONTON"
"Z4.2.A.01","60-74 years",9725,8153,83.8,950,9.8,"EDMONTON - CASTLE DOWNS","EDMONTON"
"Z4.2.A.01","75+ years",3652,3279,89.8,2810,76.9,"EDMONTON - CASTLE DOWNS","EDMONTON"
"Z4.2.A.01","All age years",72888,35043,48.1,5547,7.6,"EDMONTON - CASTLE DOWNS","EDMONTON"
"Z4.2.B.02","12-19 years",4987,2189,43.9,20,0.4,"EDMONTON - NORTHGATE","EDMONTON"
"Z4.2.B.02","20-39 years",24147,9686,40.1,746,3.1,"EDMONTON - NORTHGATE","EDMONTON"
"Z4.2.B.02","40-59 years",20985,13106,62.5,899,4.3,"EDMONTON - NORTHGATE","EDMONTON"
"Z4.2.B.02","60-74 years",11806,9634,81.6,1134,9.6,"EDMONTON - NORTHGATE","EDMONTON"
"Z4.2.B.02","75+ years",6303,5361,85.1,4667,74,"EDMONTON - NORTHGATE","EDMONTON"
"Z4.2.B.02","All age years",83649,40041,47.9,7466,8.9,"EDMONTON - NORTHGATE","EDMONTON"
"Z4.2.C.03","12-19 years",2720,1131,41.6,10,0.4,"EDMONTON - EASTWOOD","EDMONTON"
"Z4.2.C.03","20-39 years",26510,10645,40.2,710,2.7,"EDMONTON - EASTWOOD","EDMONTON"
"Z4.2.C.03","40-59 years",19970,11121,55.7,627,3.1,"EDMONTON - EASTWOOD","EDMONTON"
"Z4.2.C.03","60-74 years",10711,7978,74.5,1033,9.6,"EDMONTON - EASTWOOD","EDMONTON"
"Z4.2.C.03","75+ years",3548,2884,81.3,2303,64.9,"EDMONTON - EASTWOOD","EDMONTON"
"Z4.2.C.03","All age years",72146,33800,46.8,4683,6.5,"EDMONTON - EASTWOOD","EDMONTON"
"Z4.2.D.04","12-19 years",873,335,38.4,3,0.3,"EDMONTON - ABBOTTSFIELD","EDMONTON"
"Z4.2.D.04","20-39 years",4154,1290,31.1,84,2,"EDMONTON - ABBOTTSFIELD","EDMONTON"
"Z4.2.D.04","40-59 years",3716,2049,55.1,105,2.8,"EDMONTON - ABBOTTSFIELD","EDMONTON"
"Z4.2.D.04","60-74 years",2072,1614,77.9,129,6.2,"EDMONTON - ABBOTTSFIELD","EDMONTON"
"Z4.2.D.04","75+ years",904,775,85.8,683,75.6,"EDMONTON - ABBOTTSFIELD","EDMONTON"
"Z4.2.D.04","All age years",14626,6068,41.5,1004,6.9,"EDMONTON - ABBOTTSFIELD","EDMONTON"
"Z4.2.E.05","12-19 years",5173,2144,41.4,21,0.4,"EDMONTON - NE","EDMONTON"
"Z4.2.E.05","20-39 years",29610,11714,39.6,843,2.8,"EDMONTON - NE","EDMONTON"
"Z4.2.E.05","40-59 years",22717,14183,62.4,944,4.2,"EDMONTON - NE","EDMONTON"
"Z4.2.E.05","60-74 years",11802,9551,80.9,980,8.3,"EDMONTON - NE","EDMONTON"
"Z4.2.E.05","75+ years",3822,3217,84.2,2703,70.7,"EDMONTON - NE","EDMONTON"
"Z4.2.E.05","All age years",92441,40894,44.2,5491,5.9,"EDMONTON - NE","EDMONTON"
"Z4.3.A.01","12-19 years",4249,2685,63.2,19,0.4,"EDMONTON - BONNIE DOON","EDMONTON"
"Z4.3.A.01","20-39 years",36077,19871,55.1,1585,4.4,"EDMONTON - BONNIE DOON","EDMONTON"
"Z4.3.A.01","40-59 years",23324,16276,69.8,1063,4.6,"EDMONTON - BONNIE DOON","EDMONTON"
"Z4.3.A.01","60-74 years",14526,12192,83.9,1403,9.7,"EDMONTON - BONNIE DOON","EDMONTON"
"Z4.3.A.01","75+ years",6878,5970,86.8,5152,74.9,"EDMONTON - BONNIE DOON","EDMONTON"
"Z4.3.A.01","All age years",96846,57130,59,9222,9.5,"EDMONTON - BONNIE DOON","EDMONTON"
"Z4.3.B.02","12-19 years",3263,1502,46,10,0.3,"EDMONTON - MILL WOODS WEST","EDMONTON"
"Z4.3.B.02","20-39 years",15647,6308,40.3,378,2.4,"EDMONTON - MILL WOODS WEST","EDMONTON"
"Z4.3.B.02","40-59 years",12266,7841,63.9,483,3.9,"EDMONTON - MILL WOODS WEST","EDMONTON"
"Z4.3.B.02","60-74 years",7650,6386,83.5,682,8.9,"EDMONTON - MILL WOODS WEST","EDMONTON"
"Z4.3.B.02","75+ years",3071,2535,82.5,2200,71.6,"EDMONTON - MILL WOODS WEST","EDMONTON"
"Z4.3.B.02","All age years",51075,24615,48.2,3753,7.3,"EDMONTON - MILL WOODS WEST","EDMONTON"
"Z4.3.C.03","12-19 years",5328,2860,53.7,15,0.3,"EDMONTON - MILL WOODS SOUTH & EAST","EDMONTON"
"Z4.3.C.03","20-39 years",30309,13370,44.1,923,3,"EDMONTON - MILL WOODS SOUTH & EAST","EDMONTON"
"Z4.3.C.03","40-59 years",21108,14206,67.3,961,4.6,"EDMONTON - MILL WOODS SOUTH & EAST","EDMONTON"
"Z4.3.C.03","60-74 years",10657,9008,84.5,808,7.6,"EDMONTON - MILL WOODS SOUTH & EAST","EDMONTON"
"Z4.3.C.03","75+ years",2699,2270,84.1,1777,65.8,"EDMONTON - MILL WOODS SOUTH & EAST","EDMONTON"
"Z4.3.C.03","All age years",87320,41821,47.9,4484,5.1,"EDMONTON - MILL WOODS SOUTH & EAST","EDMONTON"
"Z4.4.A.01","12-19 years",2268,1373,60.5,9,0.4,"EDMONTON - DUGGAN","EDMONTON"
"Z4.4.A.01","20-39 years",13169,6606,50.2,439,3.3,"EDMONTON - DUGGAN","EDMONTON"
"Z4.4.A.01","40-59 years",9691,6658,68.7,445,4.6,"EDMONTON - DUGGAN","EDMONTON"
"Z4.4.A.01","60-74 years",5017,4304,85.8,605,12.1,"EDMONTON - DUGGAN","EDMONTON"
"Z4.4.A.01","75+ years",3348,2818,84.2,2599,77.6,"EDMONTON - DUGGAN","EDMONTON"
"Z4.4.A.01","All age years",39991,21811,54.5,4097,10.2,"EDMONTON - DUGGAN","EDMONTON"
"Z4.4.B.02","12-19 years",4607,4218,91.6,32,0.7,"EDMONTON - TWIN BROOKS","EDMONTON"
"Z4.4.B.02","20-39 years",19619,11384,58,917,4.7,"EDMONTON - TWIN BROOKS","EDMONTON"
"Z4.4.B.02","40-59 years",20634,15662,75.9,1414,6.9,"EDMONTON - TWIN BROOKS","EDMONTON"
"Z4.4.B.02","60-74 years",12898,11099,86.1,1923,14.9,"EDMONTON - TWIN BROOKS","EDMONTON"
"Z4.4.B.02","75+ years",5687,5190,91.3,4795,84.3,"EDMONTON - TWIN BROOKS","EDMONTON"
"Z4.4.B.02","All age years",76379,47785,62.6,9081,11.9,"EDMONTON - TWIN BROOKS","EDMONTON"
"Z4.4.C.03","12-19 years",5906,3934,66.6,34,0.6,"EDMONTON - RUTHERFORD","EDMONTON"
"Z4.4.C.03","20-39 years",43114,22447,52.1,2114,4.9,"EDMONTON - RUTHERFORD","EDMONTON"
"Z4.4.C.03","40-59 years",29525,20117,68.1,1772,6,"EDMONTON - RUTHERFORD","EDMONTON"
"Z4.4.C.03","60-74 years",10000,8086,80.9,965,9.7,"EDMONTON - RUTHERFORD","EDMONTON"
"Z4.4.C.03","75+ years",2703,2344,86.7,1993,73.7,"EDMONTON - RUTHERFORD","EDMONTON"
"Z4.4.C.03","All age years",121276,57159,47.1,6878,5.7,"EDMONTON - RUTHERFORD","EDMONTON"
"Z4.5.A.01","12-19 years",1937,990,51.1,11,0.6,"STURGEON COUNTY WEST","EDMONTON"
"Z4.5.A.01","20-39 years",7904,3128,39.6,227,2.9,"STURGEON COUNTY WEST","EDMONTON"
"Z4.5.A.01","40-59 years",7824,4917,62.8,303,3.9,"STURGEON COUNTY WEST","EDMONTON"
"Z4.5.A.01","60-74 years",4898,3764,76.8,418,8.5,"STURGEON COUNTY WEST","EDMONTON"
"Z4.5.A.01","75+ years",1364,1209,88.6,1018,74.6,"STURGEON COUNTY WEST","EDMONTON"
"Z4.5.A.01","All age years",30338,14052,46.3,1977,6.5,"STURGEON COUNTY WEST","EDMONTON"
"Z4.5.B.02","12-19 years",446,189,42.3,1,0.2,"STURGEON COUNTY EAST","EDMONTON"
"Z4.5.B.02","20-39 years",1561,630,40.4,44,2.8,"STURGEON COUNTY EAST","EDMONTON"
"Z4.5.B.02","40-59 years",1775,1061,59.8,60,3.4,"STURGEON COUNTY EAST","EDMONTON"
"Z4.5.B.02","60-74 years",971,786,81,44,4.5,"STURGEON COUNTY EAST","EDMONTON"
"Z4.5.B.02","75+ years",275,240,87.2,188,68.3,"STURGEON COUNTY EAST","EDMONTON"
"Z4.5.B.02","All age years",6165,2916,47.3,337,5.5,"STURGEON COUNTY EAST","EDMONTON"
"Z4.5.B.03","12-19 years",1499,731,48.8,1,0.1,"FORT SASKATCHEWAN","EDMONTON"
"Z4.5.B.03","20-39 years",8454,3521,41.6,236,2.8,"FORT SASKATCHEWAN","EDMONTON"
"Z4.5.B.03","40-59 years",6752,4200,62.2,246,3.6,"FORT SASKATCHEWAN","EDMONTON"
"Z4.5.B.03","60-74 years",3718,3045,81.9,267,7.2,"FORT SASKATCHEWAN","EDMONTON"
"Z4.5.B.03","75+ years",1380,1283,93,1101,79.8,"FORT SASKATCHEWAN","EDMONTON"
"Z4.5.B.03","All age years",27437,12809,46.7,1851,6.7,"FORT SASKATCHEWAN","EDMONTON"
"Z4.6.A.01","12-19 years",5465,3501,64.1,36,0.7,"SHERWOOD PARK","EDMONTON"
"Z4.6.A.01","20-39 years",20531,11055,53.8,837,4.1,"SHERWOOD PARK","EDMONTON"
"Z4.6.A.01","40-59 years",22884,16814,73.5,1049,4.6,"SHERWOOD PARK","EDMONTON"
"Z4.6.A.01","60-74 years",13855,12022,86.8,1366,9.9,"SHERWOOD PARK","EDMONTON"
"Z4.6.A.01","75+ years",6008,5538,92.2,5160,85.9,"SHERWOOD PARK","EDMONTON"
"Z4.6.A.01","All age years",82764,49092,59.3,8448,10.2,"SHERWOOD PARK","EDMONTON"
"Z4.6.B.02","12-19 years",1134,598,52.7,9,0.8,"STRATHCONA COUNTY EXCLUDING SHERWOOD PARK","EDMONTON"
"Z4.6.B.02","20-39 years",4048,1762,43.5,144,3.6,"STRATHCONA COUNTY EXCLUDING SHERWOOD PARK","EDMONTON"
"Z4.6.B.02","40-59 years",5056,3291,65.1,174,3.4,"STRATHCONA COUNTY EXCLUDING SHERWOOD PARK","EDMONTON"
"Z4.6.B.02","60-74 years",3684,2960,80.3,255,6.9,"STRATHCONA COUNTY EXCLUDING SHERWOOD PARK","EDMONTON"
"Z4.6.B.02","75+ years",890,751,84.4,641,72,"STRATHCONA COUNTY EXCLUDING SHERWOOD PARK","EDMONTON"
"Z4.6.B.02","All age years",17456,9385,53.8,1223,7,"STRATHCONA COUNTY EXCLUDING SHERWOOD PARK","EDMONTON"
"Z4.7.A.01","12-19 years",1711,915,53.5,3,0.2,"BEAUMONT","EDMONTON"
"Z4.7.A.01","20-39 years",7019,3268,46.6,225,3.2,"BEAUMONT","EDMONTON"
"Z4.7.A.01","40-59 years",7153,4654,65.1,250,3.5,"BEAUMONT","EDMONTON"
"Z4.7.A.01","60-74 years",3649,2997,82.1,298,8.2,"BEAUMONT","EDMONTON"
"Z4.7.A.01","75+ years",845,734,86.9,617,73,"BEAUMONT","EDMONTON"
"Z4.7.A.01","All age years",26562,12627,47.5,1393,5.2,"BEAUMONT","EDMONTON"
"Z4.7.A.02","12-19 years",2546,1148,45.1,7,0.3,"LEDUC & DEVON","EDMONTON"
"Z4.7.A.02","20-39 years",12378,4866,39.3,361,2.9,"LEDUC & DEVON","EDMONTON"
"Z4.7.A.02","40-59 years",11145,6676,59.9,364,3.3,"LEDUC & DEVON","EDMONTON"
"Z4.7.A.02","60-74 years",6224,5096,81.9,458,7.4,"LEDUC & DEVON","EDMONTON"
"Z4.7.A.02","75+ years",2473,2202,89.1,1830,74,"LEDUC & DEVON","EDMONTON"
"Z4.7.A.02","All age years",43727,20048,45.8,3020,6.9,"LEDUC & DEVON","EDMONTON"
"Z4.7.A.03","12-19 years",506,156,30.8,3,0.6,"THORSBY","EDMONTON"
"Z4.7.A.03","20-39 years",2166,620,28.6,29,1.3,"THORSBY","EDMONTON"
"Z4.7.A.03","40-59 years",2460,1167,47.4,60,2.4,"THORSBY","EDMONTON"
"Z4.7.A.03","60-74 years",1870,1344,71.9,98,5.2,"THORSBY","EDMONTON"
"Z4.7.A.03","75+ years",616,510,82.8,342,55.5,"THORSBY","EDMONTON"
"Z4.7.A.03","All age years",9168,3803,41.5,532,5.8,"THORSBY","EDMONTON"
"Z4.8.A.01","12-19 years",3478,1694,48.7,12,0.3,"STONY PLAIN & SPRUCE GROVE","EDMONTON"
"Z4.8.A.01","20-39 years",16423,6731,41,556,3.4,"STONY PLAIN & SPRUCE GROVE","EDMONTON"
"Z4.8.A.01","40-59 years",14423,9192,63.7,581,4,"STONY PLAIN & SPRUCE GROVE","EDMONTON"
"Z4.8.A.01","60-74 years",8330,6953,83.5,850,10.2,"STONY PLAIN & SPRUCE GROVE","EDMONTON"
"Z4.8.A.01","75+ years",3448,3161,91.7,2811,81.5,"STONY PLAIN & SPRUCE GROVE","EDMONTON"
"Z4.8.A.01","All age years",57619,27808,48.3,4810,8.3,"STONY PLAIN & SPRUCE GROVE","EDMONTON"
"Z4.8.B.02","12-19 years",2494,915,36.7,5,0.2,"WESTVIEW EXCLUDING STONY PLAIN & SPRUCE GROVE","EDMONTON"
"Z4.8.B.02","20-39 years",8579,2709,31.6,201,2.3,"WESTVIEW EXCLUDING STONY PLAIN & SPRUCE GROVE","EDMONTON"
"Z4.8.B.02","40-59 years",10710,5629,52.6,359,3.4,"WESTVIEW EXCLUDING STONY PLAIN & SPRUCE GROVE","EDMONTON"
"Z4.8.B.02","60-74 years",7655,5401,70.6,607,7.9,"WESTVIEW EXCLUDING STONY PLAIN & SPRUCE GROVE","EDMONTON"
"Z4.8.B.02","75+ years",2287,1776,77.7,1413,61.8,"WESTVIEW EXCLUDING STONY PLAIN & SPRUCE GROVE","EDMONTON"
"Z4.8.B.02","All age years",38491,16472,42.8,2585,6.7,"WESTVIEW EXCLUDING STONY PLAIN & SPRUCE GROVE","EDMONTON"
"Z4.9.A.01","12-19 years",4373,3162,72.3,31,0.7,"ST. ALBERT","EDMONTON"
"Z4.9.A.01","20-39 years",17052,9622,56.4,780,4.6,"ST. ALBERT","EDMONTON"
"Z4.9.A.01","40-59 years",18691,14296,76.5,1097,5.9,"ST. ALBERT","EDMONTON"
"Z4.9.A.01","60-74 years",12567,11061,88,1571,12.5,"ST. ALBERT","EDMONTON"
"Z4.9.A.01","75+ years",5555,5048,90.9,4654,83.8,"ST. ALBERT","EDMONTON"
"Z4.9.A.01","All age years",70159,43386,61.8,8133,11.6,"ST. ALBERT","EDMONTON"
"Z5.1.A.01","12-19 years",216,144,66.6,0,0,"JASPER","NORTH"
"Z5.1.A.01","20-39 years",2424,795,32.8,51,2.1,"JASPER","NORTH"
"Z5.1.A.01","40-59 years",1522,1042,68.5,59,3.9,"JASPER","NORTH"
"Z5.1.A.01","60-74 years",716,592,82.7,32,4.5,"JASPER","NORTH"
"Z5.1.A.01","75+ years",190,164,86.1,154,80.9,"JASPER","NORTH"
"Z5.1.A.01","All age years",5718,2741,47.9,296,5.2,"JASPER","NORTH"
"Z5.1.A.02","12-19 years",685,314,45.8,1,0.1,"HINTON","NORTH"
"Z5.1.A.02","20-39 years",3631,1261,34.7,98,2.7,"HINTON","NORTH"
"Z5.1.A.02","40-59 years",3288,1830,55.7,106,3.2,"HINTON","NORTH"
"Z5.1.A.02","60-74 years",1941,1461,75.3,68,3.5,"HINTON","NORTH"
"Z5.1.A.02","75+ years",576,495,85.9,329,57.1,"HINTON","NORTH"
"Z5.1.A.02","All age years",12354,5372,43.5,602,4.9,"HINTON","NORTH"
"Z5.1.A.03","12-19 years",955,380,39.8,6,0.6,"EDSON","NORTH"
"Z5.1.A.03","20-39 years",4437,1368,30.8,101,2.3,"EDSON","NORTH"
"Z5.1.A.03","40-59 years",4339,2213,51,129,3,"EDSON","NORTH"
"Z5.1.A.03","60-74 years",2565,1910,74.5,184,7.2,"EDSON","NORTH"
"Z5.1.A.03","75+ years",816,658,80.7,493,60.4,"EDSON","NORTH"
"Z5.1.A.03","All age years",16076,6536,40.7,913,5.7,"EDSON","NORTH"
"Z5.1.B.04","12-19 years",965,383,39.7,1,0.1,"WHITECOURT","NORTH"
"Z5.1.B.04","20-39 years",4227,1183,28,66,1.6,"WHITECOURT","NORTH"
"Z5.1.B.04","40-59 years",4202,2111,50.2,90,2.1,"WHITECOURT","NORTH"
"Z5.1.B.04","60-74 years",1938,1365,70.4,108,5.6,"WHITECOURT","NORTH"
"Z5.1.B.04","75+ years",463,388,83.8,330,71.3,"WHITECOURT","NORTH"
"Z5.1.B.04","All age years",14757,5452,36.9,595,4,"WHITECOURT","NORTH"
"Z5.1.B.05","12-19 years",903,268,29.7,11,1.2,"MAYERTHORPE","NORTH"
"Z5.1.B.05","20-39 years",3558,981,27.6,145,4.1,"MAYERTHORPE","NORTH"
"Z5.1.B.05","40-59 years",4434,2019,45.5,221,5,"MAYERTHORPE","NORTH"
"Z5.1.B.05","60-74 years",3468,2542,73.3,283,8.2,"MAYERTHORPE","NORTH"
"Z5.1.B.05","75+ years",1252,960,76.7,790,63.1,"MAYERTHORPE","NORTH"
"Z5.1.B.05","All age years",16160,6780,42,1450,9,"MAYERTHORPE","NORTH"
"Z5.1.C.06","12-19 years",656,210,32,8,1.2,"BARRHEAD","NORTH"
"Z5.1.C.06","20-39 years",2588,702,27.1,74,2.9,"BARRHEAD","NORTH"
"Z5.1.C.06","40-59 years",2469,1221,49.5,98,4,"BARRHEAD","NORTH"
"Z5.1.C.06","60-74 years",2082,1563,75.1,200,9.6,"BARRHEAD","NORTH"
"Z5.1.C.06","75+ years",1090,913,83.7,763,70,"BARRHEAD","NORTH"
"Z5.1.C.06","All age years",10988,4619,42,1143,10.4,"BARRHEAD","NORTH"
"Z5.1.C.07","12-19 years",1217,402,33,9,0.7,"WESTLOCK","NORTH"
"Z5.1.C.07","20-39 years",4392,1391,31.7,150,3.4,"WESTLOCK","NORTH"
"Z5.1.C.07","40-59 years",4731,2494,52.7,187,4,"WESTLOCK","NORTH"
"Z5.1.C.07","60-74 years",3987,3021,75.8,321,8.1,"WESTLOCK","NORTH"
"Z5.1.C.07","75+ years",1868,1609,86.1,1325,70.9,"WESTLOCK","NORTH"
"Z5.1.C.07","All age years",19131,8936,46.7,1992,10.4,"WESTLOCK","NORTH"
"Z5.2.A.01","12-19 years",404,88,21.8,2,0.5,"FROG LAKE","NORTH"
"Z5.2.A.01","20-39 years",1267,293,23.1,40,3.2,"FROG LAKE","NORTH"
"Z5.2.A.01","40-59 years",1214,451,37.1,61,5,"FROG LAKE","NORTH"
"Z5.2.A.01","60-74 years",632,408,64.6,127,20.1,"FROG LAKE","NORTH"
"Z5.2.A.01","75+ years",297,241,81.1,203,68.4,"FROG LAKE","NORTH"
"Z5.2.A.01","All age years",4839,1483,30.6,433,8.9,"FROG LAKE","NORTH"
"Z5.2.A.04","12-19 years",1059,368,34.7,22,2.1,"ST. PAUL","NORTH"
"Z5.2.A.04","20-39 years",4133,1133,27.4,151,3.7,"ST. PAUL","NORTH"
"Z5.2.A.04","40-59 years",3501,1584,45.2,223,6.4,"ST. PAUL","NORTH"
"Z5.2.A.04","60-74 years",2365,1592,67.3,532,22.5,"ST. PAUL","NORTH"
"Z5.2.A.04","75+ years",1026,845,82.4,756,73.7,"ST. PAUL","NORTH"
"Z5.2.A.04","All age years",15524,5530,35.6,1684,10.8,"ST. PAUL","NORTH"
"Z5.2.A.05","12-19 years",217,103,47.4,2,0.9,"SMOKY LAKE","NORTH"
"Z5.2.A.05","20-39 years",965,286,29.6,27,2.8,"SMOKY LAKE","NORTH"
"Z5.2.A.05","40-59 years",1229,595,48.4,78,6.3,"SMOKY LAKE","NORTH"
"Z5.2.A.05","60-74 years",1112,794,71.4,261,23.5,"SMOKY LAKE","NORTH"
"Z5.2.A.05","75+ years",577,475,82.4,405,70.2,"SMOKY LAKE","NORTH"
"Z5.2.A.05","All age years",4764,2256,47.4,773,16.2,"SMOKY LAKE","NORTH"
"Z5.2.B.02","12-19 years",1377,593,43.1,4,0.3,"COLD LAKE","NORTH"
"Z5.2.B.02","20-39 years",6341,2129,33.6,209,3.3,"COLD LAKE","NORTH"
"Z5.2.B.02","40-59 years",5179,2799,54,245,4.7,"COLD LAKE","NORTH"
"Z5.2.B.02","60-74 years",2281,1742,76.4,222,9.7,"COLD LAKE","NORTH"
"Z5.2.B.02","75+ years",698,606,86.8,520,74.5,"COLD LAKE","NORTH"
"Z5.2.B.02","All age years",20916,7892,37.7,1200,5.7,"COLD LAKE","NORTH"
"Z5.2.B.03","12-19 years",1139,443,38.9,6,0.5,"BONNYVILLE","NORTH"
"Z5.2.B.03","20-39 years",4504,1227,27.2,115,2.6,"BONNYVILLE","NORTH"
"Z5.2.B.03","40-59 years",4373,2033,46.5,154,3.5,"BONNYVILLE","NORTH"
"Z5.2.B.03","60-74 years",2373,1552,65.4,181,7.6,"BONNYVILLE","NORTH"
"Z5.2.B.03","75+ years",869,675,77.7,587,67.6,"BONNYVILLE","NORTH"
"Z5.2.B.03","All age years",16642,5950,35.8,1043,6.3,"BONNYVILLE","NORTH"
"Z5.2.C.06","12-19 years",185,60,32.5,0,0,"BOYLE","NORTH"
"Z5.2.C.06","20-39 years",855,220,25.7,21,2.5,"BOYLE","NORTH"
"Z5.2.C.06","40-59 years",931,427,45.9,51,5.5,"BOYLE","NORTH"
"Z5.2.C.06","60-74 years",767,541,70.6,193,25.2,"BOYLE","NORTH"
"Z5.2.C.06","75+ years",285,223,78.3,196,68.8,"BOYLE","NORTH"
"Z5.2.C.06","All age years",3587,1473,41.1,461,12.9,"BOYLE","NORTH"
"Z5.2.C.07","12-19 years",628,315,50.2,5,0.8,"ATHABASCA","NORTH"
"Z5.2.C.07","20-39 years",2402,827,34.4,80,3.3,"ATHABASCA","NORTH"
"Z5.2.C.07","40-59 years",2925,1574,53.8,167,5.7,"ATHABASCA","NORTH"
"Z5.2.C.07","60-74 years",2160,1694,78.4,293,13.6,"ATHABASCA","NORTH"
"Z5.2.C.07","75+ years",880,761,86.5,660,75,"ATHABASCA","NORTH"
"Z5.2.C.07","All age years",10660,5196,48.7,1205,11.3,"ATHABASCA","NORTH"
"Z5.2.C.08","12-19 years",709,296,41.7,2,0.3,"LAC LA BICHE","NORTH"
"Z5.2.C.08","20-39 years",2845,892,31.4,100,3.5,"LAC LA BICHE","NORTH"
"Z5.2.C.08","40-59 years",2666,1432,53.7,186,7,"LAC LA BICHE","NORTH"
"Z5.2.C.08","60-74 years",1541,1120,72.7,291,18.9,"LAC LA BICHE","NORTH"
"Z5.2.C.08","75+ years",562,467,83.1,376,66.9,"LAC LA BICHE","NORTH"
"Z5.2.C.08","All age years",10391,4218,40.6,955,9.2,"LAC LA BICHE","NORTH"
"Z5.3.A.01","12-19 years",278,79,28.4,1,0.4,"GRANDE CACHE","NORTH"
"Z5.3.A.01","20-39 years",1222,278,22.8,37,3,"GRANDE CACHE","NORTH"
"Z5.3.A.01","40-59 years",1209,464,38.4,55,4.5,"GRANDE CACHE","NORTH"
"Z5.3.A.01","60-74 years",560,405,72.3,152,27.1,"GRANDE CACHE","NORTH"
"Z5.3.A.01","75+ years",188,149,79.2,120,63.8,"GRANDE CACHE","NORTH"
"Z5.3.A.01","All age years",4205,1378,32.8,365,8.7,"GRANDE CACHE","NORTH"
"Z5.3.A.02","12-19 years",132,46,35,1,0.8,"FOX CREEK","NORTH"
"Z5.3.A.02","20-39 years",632,174,27.6,7,1.1,"FOX CREEK","NORTH"
"Z5.3.A.02","40-59 years",704,302,42.9,20,2.8,"FOX CREEK","NORTH"
"Z5.3.A.02","60-74 years",329,237,72.1,22,6.7,"FOX CREEK","NORTH"
"Z5.3.A.02","75+ years",63,38,59.9,28,44.1,"FOX CREEK","NORTH"
"Z5.3.A.02","All age years",2270,798,35.1,78,3.4,"FOX CREEK","NORTH"
"Z5.3.A.03","12-19 years",497,90,18.1,4,0.8,"VALLEYVIEW","NORTH"
"Z5.3.A.03","20-39 years",1891,456,24.1,135,7.1,"VALLEYVIEW","NORTH"
"Z5.3.A.03","40-59 years",1721,734,42.7,167,9.7,"VALLEYVIEW","NORTH"
"Z5.3.A.03","60-74 years",1210,792,65.5,166,13.7,"VALLEYVIEW","NORTH"
"Z5.3.A.03","75+ years",427,324,76,269,63.1,"VALLEYVIEW","NORTH"
"Z5.3.A.03","All age years",7258,2399,33.1,741,10.2,"VALLEYVIEW","NORTH"
"Z5.3.A.05","12-19 years",816,241,29.5,4,0.5,"BEAVERLODGE","NORTH"
"Z5.3.A.05","20-39 years",3234,750,23.2,71,2.2,"BEAVERLODGE","NORTH"
"Z5.3.A.05","40-59 years",3023,1341,44.4,107,3.5,"BEAVERLODGE","NORTH"
"Z5.3.A.05","60-74 years",1876,1305,69.5,125,6.7,"BEAVERLODGE","NORTH"
"Z5.3.A.05","75+ years",688,566,82.2,444,64.5,"BEAVERLODGE","NORTH"
"Z5.3.A.05","All age years",12253,4218,34.4,751,6.1,"BEAVERLODGE","NORTH"
"Z5.3.B.04","12-19 years",1498,548,36.6,3,0.2,"GRANDE PRAIRIE COUNTY","NORTH"
"Z5.3.B.04","20-39 years",5723,1521,26.6,103,1.8,"GRANDE PRAIRIE COUNTY","NORTH"
"Z5.3.B.04","40-59 years",5812,2727,46.9,131,2.3,"GRANDE PRAIRIE COUNTY","NORTH"
"Z5.3.B.04","60-74 years",2835,1896,66.9,113,4,"GRANDE PRAIRIE COUNTY","NORTH"
"Z5.3.B.04","75+ years",737,540,73.2,445,60.4,"GRANDE PRAIRIE COUNTY","NORTH"
"Z5.3.B.04","All age years",21400,7257,33.9,795,3.7,"GRANDE PRAIRIE COUNTY","NORTH"
"Z5.4.A.01","12-19 years",75,26,34.5,0,0,"SWAN HILLS","NORTH"
"Z5.4.A.01","20-39 years",328,81,24.7,3,0.9,"SWAN HILLS","NORTH"
"Z5.4.A.01","40-59 years",464,240,51.7,20,4.3,"SWAN HILLS","NORTH"
"Z5.4.A.01","60-74 years",211,165,78.4,83,39.4,"SWAN HILLS","NORTH"
"Z5.4.A.01","75+ years",29,27,94.1,22,76.7,"SWAN HILLS","NORTH"
"Z5.4.A.01","All age years",1356,540,39.8,128,9.4,"SWAN HILLS","NORTH"
"Z5.4.A.02","12-19 years",783,324,41.4,2,0.3,"SLAVE LAKE","NORTH"
"Z5.4.A.02","20-39 years",3462,1043,30.1,105,3,"SLAVE LAKE","NORTH"
"Z5.4.A.02","40-59 years",3175,1482,46.7,122,3.8,"SLAVE LAKE","NORTH"
"Z5.4.A.02","60-74 years",1354,943,69.7,114,8.4,"SLAVE LAKE","NORTH"
"Z5.4.A.02","75+ years",376,265,70.4,222,59,"SLAVE LAKE","NORTH"
"Z5.4.A.02","All age years",11804,4066,34.4,565,4.8,"SLAVE LAKE","NORTH"
"Z5.4.A.03","12-19 years",371,33,8.9,14,3.8,"WABASCA","NORTH"
"Z5.4.A.03","20-39 years",1169,287,24.5,177,15.1,"WABASCA","NORTH"
"Z5.4.A.03","40-59 years",965,447,46.3,265,27.4,"WABASCA","NORTH"
"Z5.4.A.03","60-74 years",444,300,67.6,189,42.6,"WABASCA","NORTH"
"Z5.4.A.03","75+ years",98,74,75.2,65,66,"WABASCA","NORTH"
"Z5.4.A.03","All age years",4245,1144,26.9,710,16.7,"WABASCA","NORTH"
"Z5.4.A.07","12-19 years",910,223,24.5,2,0.2,"HIGH PRAIRIE","NORTH"
"Z5.4.A.07","20-39 years",2932,656,22.4,77,2.6,"HIGH PRAIRIE","NORTH"
"Z5.4.A.07","40-59 years",2941,1110,37.7,195,6.6,"HIGH PRAIRIE","NORTH"
"Z5.4.A.07","60-74 years",1682,1051,62.5,213,12.7,"HIGH PRAIRIE","NORTH"
"Z5.4.A.07","75+ years",632,434,68.7,358,56.7,"HIGH PRAIRIE","NORTH"
"Z5.4.A.07","All age years",11701,3475,29.7,845,7.2,"HIGH PRAIRIE","NORTH"
"Z5.4.B.04","12-19 years",2129,210,9.9,2,0.1,"HIGH LEVEL","NORTH"
"Z5.4.B.04","20-39 years",7486,849,11.3,92,1.2,"HIGH LEVEL","NORTH"
"Z5.4.B.04","40-59 years",4646,1088,23.4,112,2.4,"HIGH LEVEL","NORTH"
"Z5.4.B.04","60-74 years",1876,555,29.6,58,3.1,"HIGH LEVEL","NORTH"
"Z5.4.B.04","75+ years",630,166,26.4,125,19.9,"HIGH LEVEL","NORTH"
"Z5.4.B.04","All age years",25363,2873,11.3,389,1.5,"HIGH LEVEL","NORTH"
"Z5.4.B.05","12-19 years",226,74,32.8,0,0,"MANNING","NORTH"
"Z5.4.B.05","20-39 years",821,193,23.5,30,3.7,"MANNING","NORTH"
"Z5.4.B.05","40-59 years",844,346,41,55,6.5,"MANNING","NORTH"
"Z5.4.B.05","60-74 years",549,321,58.5,130,23.7,"MANNING","NORTH"
"Z5.4.B.05","75+ years",256,200,78,170,66.3,"MANNING","NORTH"
"Z5.4.B.05","All age years",3333,1138,34.1,385,11.6,"MANNING","NORTH"
"Z5.4.C.06","12-19 years",1307,465,35.6,3,0.2,"PEACE RIVER","NORTH"
"Z5.4.C.06","20-39 years",5318,1564,29.4,209,3.9,"PEACE RIVER","NORTH"
"Z5.4.C.06","40-59 years",4577,2356,51.5,242,5.3,"PEACE RIVER","NORTH"
"Z5.4.C.06","60-74 years",2673,1913,71.6,286,10.7,"PEACE RIVER","NORTH"
"Z5.4.C.06","75+ years",897,711,79.3,581,64.8,"PEACE RIVER","NORTH"
"Z5.4.C.06","All age years",18659,7028,37.7,1321,7.1,"PEACE RIVER","NORTH"
"Z5.4.D.08","12-19 years",251,110,43.8,0,0,"FALHER","NORTH"
"Z5.4.D.08","20-39 years",1166,330,28.3,38,3.3,"FALHER","NORTH"
"Z5.4.D.08","40-59 years",1018,472,46.4,48,4.7,"FALHER","NORTH"
"Z5.4.D.08","60-74 years",789,594,75.3,53,6.7,"FALHER","NORTH"
"Z5.4.D.08","75+ years",403,346,85.8,310,76.9,"FALHER","NORTH"
"Z5.4.D.08","All age years",4481,1859,41.5,449,10,"FALHER","NORTH"
"Z5.4.D.09","12-19 years",390,111,28.5,0,0,"SPIRIT RIVER","NORTH"
"Z5.4.D.09","20-39 years",1446,282,19.5,14,1,"SPIRIT RIVER","NORTH"
"Z5.4.D.09","40-59 years",1552,699,45,44,2.8,"SPIRIT RIVER","NORTH"
"Z5.4.D.09","60-74 years",1137,755,66.4,70,6.2,"SPIRIT RIVER","NORTH"
"Z5.4.D.09","75+ years",447,359,80.4,275,61.6,"SPIRIT RIVER","NORTH"
"Z5.4.D.09","All age years",6128,2211,36.1,403,6.6,"SPIRIT RIVER","NORTH"
"Z5.4.D.10","12-19 years",630,193,30.6,3,0.5,"FAIRVIEW","NORTH"
"Z5.4.D.10","20-39 years",1966,458,23.3,64,3.3,"FAIRVIEW","NORTH"
"Z5.4.D.10","40-59 years",1870,811,43.4,95,5.1,"FAIRVIEW","NORTH"
"Z5.4.D.10","60-74 years",1314,853,64.9,167,12.7,"FAIRVIEW","NORTH"
"Z5.4.D.10","75+ years",648,499,77,401,61.9,"FAIRVIEW","NORTH"
"Z5.4.D.10","All age years",8172,2817,34.5,730,8.9,"FAIRVIEW","NORTH"
"Z5.5.A.01","12-19 years",292,71,24.3,2,0.7,"WOOD BUFFALO","NORTH"
"Z5.5.A.01","20-39 years",1168,269,23,40,3.4,"WOOD BUFFALO","NORTH"
"Z5.5.A.01","40-59 years",1165,497,42.7,86,7.4,"WOOD BUFFALO","NORTH"
"Z5.5.A.01","60-74 years",507,268,52.9,102,20.1,"WOOD BUFFALO","NORTH"
"Z5.5.A.01","75+ years",104,60,57.5,49,47,"WOOD BUFFALO","NORTH"
"Z5.5.A.01","All age years",4097,1169,28.5,279,6.8,"WOOD BUFFALO","NORTH"
"Z5.6.A.01","12-19 years",4195,2374,56.6,17,0.4,"FORT MCMURRAY","NORTH"
"Z5.6.A.01","20-39 years",28164,11181,39.7,615,2.2,"FORT MCMURRAY","NORTH"
"Z5.6.A.01","40-59 years",23077,13707,59.4,693,3,"FORT MCMURRAY","NORTH"
"Z5.6.A.01","60-74 years",6850,4516,65.9,439,6.4,"FORT MCMURRAY","NORTH"
"Z5.6.A.01","75+ years",729,486,66.7,334,45.8,"FORT MCMURRAY","NORTH"
"Z5.6.A.01","All age years",79888,32376,40.5,2098,2.6,"FORT MCMURRAY","NORTH"
"Z5.7.A.01","12-19 years",4382,1453,33.2,6,0.1,"CITY OF GRANDE PRAIRIE","NORTH"
"Z5.7.A.01","20-39 years",26855,7417,27.6,524,2,"CITY OF GRANDE PRAIRIE","NORTH"
"Z5.7.A.01","40-59 years",18549,8975,48.4,512,2.8,"CITY OF GRANDE PRAIRIE","NORTH"
"Z5.7.A.01","60-74 years",7325,5183,70.8,386,5.3,"CITY OF GRANDE PRAIRIE","NORTH"
"Z5.7.A.01","75+ years",2240,1818,81.2,1515,67.6,"CITY OF GRANDE PRAIRIE","NORTH"
"Z5.7.A.01","All age years",75043,24917,33.2,2943,3.9,"CITY OF GRANDE PRAIRIE","NORTH"
